id;quantity;type;reverse;name;description;posstr;display;shortcut;autoreverse;pwn;tests
10;180663;"relacja pomiędzy synsetami";"11";"hiponimia";"Hipo-/hiperonimia to podstawowa relacja kształtujaca hierarchiczną strukturę słownictwa. Jest to relacja, którą można określić jako implikację jednostronną. Hiperonimia jest relacją między jednostkami należącymi do tej samej klasy fleksyjnej. Warunek: Jednostki leksykalne synsetu X stanowią rodzaj jednostek synsetu Y, istnieje jeszcze co najmniej jeden synset Z, którego jednostki są rodzajem jednostek leksykalnych synsetu Y.";"czasownik,rzeczownik,przysłówek,przymiotnik";"&lt;x#> jest hiponimem &lt;y#>";"hipo";"true";"p_~";"(TAK: Jeśli ktoś/coś jest &lt;x#subst:sg:inst:%>, to musi być &lt;y#subst:sg:inst:%>,rzeczownik) (TAK: jeśli ktoś/coś jest &lt;y#subst:sg:inst:%>, to niekoniecznie jest &lt;x#subst:sg:inst:%>,rzeczownik) (TAK: jeśli ktoś/coś nie jest &lt;y#subst:sg:inst:%>, to nie może być &lt;x#subst:sg:inst:%>,rzeczownik) (&lt;x#> i &lt;y#> mają ten sam aspekt,czasownik) (Jeśli &lt;x#fin:sg:ter:%>, to &lt;y#fin:sg:ter:%>,czasownik) (Jeśli &lt;y#fin:sg:ter:%>, to niekoniecznie &lt;x#fin:sg:ter:%>,czasownik) (&lt;x#> to &lt;y#> w specjalny sposób, jakoś (okolicznik sposobu),czasownik) (&lt;x#> i &lt;y#> to przymiotniki, N - to rzeczownik,przymiotnik) ([PRZYMIOTNIKI JAKOŚCIOWE],przymiotnik) (Jeżeli ktoś|coś jest &lt;x#>(-e, -a), to jest &lt;y#>(-e, -a).,przymiotnik) (Jeżeli ktoś|coś jest &lt;y#>(-e, -a), to niekoniecznie jest &lt;x#>(-e, -a).,przymiotnik) ([PRZYMIOTNIKI RELACYJNE],przymiotnik) (Jeżeli mówimy o jakimś N, że jest N &lt;x#>(-e, -a), to możemy również powiedzieć, że jest N &lt;y#>(-e, -a).,przymiotnik) (Niekoniecznie o każdym N, o którym możemy powiedzieć N &lt;y#>(-e, -a), powiemy N &lt;x#>(-e, -a).,przymiotnik) ([a] Jeżeli ktoś / coś robi coś &lt;x#>, to robi to &lt;y#>.,przysłówek) ([a] Jeżeli ktoś / coś robi coś &lt;y#>, to niekoniecznie robi to &lt;x#>.,przysłówek) ([b] Jeżeli coś dzieje się &lt;x#>, to dzieje się &lt;y#>.,przysłówek) ([b] Jeżeli coś dzieje się &lt;y#>, to niekoniecznie dzieje się &lt;x#>.,przysłówek) ([c] Jeżeli ktoś / coś jest &lt;x#> jakiś (-eś, -aś), to jest też &lt;y#> jakiś (-eś, -aś).,przysłówek) ([c] Jeżeli ktoś / coś jest &lt;y#> jakiś (-eś, -aś), to niekoniecznie jest &lt;x#> jakiś (-eś, -aś)..,przysłówek) ([d] Jeżeli jest &lt;x#>, to jest też &lt;y#>.,przysłówek) ([d] Jeżeli jest &lt;y#>, to niekoniecznie jest &lt;x#>.,przysłówek)"
11;180663;"relacja pomiędzy synsetami";"10";"hiperonimia";"Hipo-/hiperonimia to podstawowa relacja kształtująca hierarchiczną strukturę słownictwa.&#xa;Jest to relacja, którą można określić jako implikację jednostronną. Hiperonimia jest relacją między jednostkami należącymi do tej samej klasy fleksyjnej.";"czasownik,rzeczownik,przysłówek,przymiotnik";"&lt;x#> jest hiperonimem &lt;y#>";"hiper";"true";"p_@";"(TAK: Jeśli ktoś/coś jest &lt;y#subst:sg:inst:%>, to musi być &lt;x#subst:sg:inst:%>,rzeczownik) (TAK: jeśli ktoś/coś jest &lt;x#subst:sg:inst:%>, to niekoniecznie jest &lt;y#subst:sg:inst:%>,rzeczownik) (TAK: jeśli ktoś/coś nie jest &lt;x#subst:sg:inst:%>, to nie może być &lt;y#subst:sg:inst:%>,rzeczownik) (Jeśli &lt;y#fin:sg:ter:%>, to &lt;x#fin:sg:ter:%>,czasownik) (Jeśli &lt;x#fin:sg:ter:%>, to niekoniecznie &lt;y#fin:sg:ter:%>,czasownik) (&lt;x#> i &lt;y#> mają ten sam aspekt,czasownik) (&lt;y#> to &lt;x#> w specjalny sposób, jakoś (okolicznik sposobu),czasownik) (&lt;x#> i &lt;y#> to przymiotniki, N - to rzeczownik,przymiotnik) ([PRZYMIOTNIKI JAKOŚCIOWE],przymiotnik) (Jeżeli ktoś|coś jest &lt;y#>(-e, -a), to jest &lt;x#>(-e, -a).,przymiotnik) (Jeżeli ktoś|coś jest &lt;x#>(-e, -a), to niekoniecznie jest &lt;y#>(-e, -a).,przymiotnik) ([PRZYMIOTNIKI RELACYJNE],przymiotnik) (Jeżeli mówimy o jakimś N, że jest N &lt;y#>(-e, -a), to możemy również powiedzieć, że jest N &lt;x#>(-e, -a).,przymiotnik) (Niekoniecznie o każdym N, o którym możemy powiedzieć N &lt;x#>(-e, -a), powiemy N &lt;y#>(-e, -a).,przymiotnik)"
13;472;"relacja leksykalna";"13";"konwersja";"Konwersja to relacja odwrotności łącząca jednostki leksykalne. Relacja ta przedstawia to samo zjawisko z dwóch różnych stron. Konwersja jest częsta między leksemami należącymi do słownictwa opisującego role społeczne, stopnie pokrewieństwa, stosunki czasowe i przestrzenne. Mówiąc ściślej, konwersami są takie predykaty o co najmniej dwóch walencjach semantycznych, które mają ten sam zbiór walencji, ale różny układ aktantów dla tych samych walencji.";"czasownik,rzeczownik,przysłówek,przymiotnik";"&lt;x#> i &lt;y#> to konwersy";"konw";"true";"p_-";"(&lt;x#> i &lt;y#> to kohiponimy lub komeronimy albo hiponimy antonimów lub konwersów,rzeczownik) (JEŻELI a jest dla b &lt;x#subst:sg:inst:%>,rzeczownik) (TO b jest dla a &lt;y#subst:sg:inst:%>,rzeczownik) (Nieprawda, że jeśli nie &lt;x#fin:sg:ter:%>, to &lt;y#fin:sg:ter:%>,czasownik) (Jeśli &lt;x#fin:sg:ter:%>, to nie &lt;y#fin:sg:ter:%>,czasownik) (&lt;x#> i &lt;y#> mają ten sam aspekt,czasownik) (&lt;x#> i &lt;y#> to albo kohiponimy/komeronimy, albo hiponimy/meronimy jednostek antonimicznych lub konwersów,czasownik) (Jeżeli a &lt;x#fin:sg:ter:%> (Prep) b, to b &lt;y#fin:sg:ter:%> (Prep) a,czasownik) (&lt;x#> i &lt;y#> otwierają co najmniej dwa miejsca dla argumentów,czasownik) (Nie jest możliwe, że &lt;x#fin:sg:ter:%> i &lt;y#fin:sg:ter:%> jednocześnie,czasownik) (&lt;x#> i &lt;y#> to przymiotniki w stopniu wyższym lub najwyższym,przymiotnik) (&lt;x#> i &lt;y#> są antonimami,przymiotnik) (Jeżeli a jest &lt;x#>(e) (prep) b, to b jest &lt;y#>(e) (prep) a,przymiotnik) (&lt;x#> i &lt;y#> to przysłówki w stopniu wyższym.,przysłówek) ([a] Jeżeli a robi coś &lt;x#> niż b, to b robi to &lt;y#> niż a.,przysłówek) ([b] Jeżeli a dzieje się &lt;x#> niż b, to b dzieje się &lt;y#> niż a.,przysłówek) ([c] Jeżeli a jest &lt;x#> jakieś (-aś, -iś) niż b, to b jest &lt;y#> jakieś (-aś, -iś) niż a.,przysłówek) ([d] Jeżeli w pierwszej sytuacji jest &lt;x#> niż w drugiej, to w drugiej jest &lt;y#> niż w pierwszej.,przysłówek)"
19;28679;"relacja leksykalna";"19";"fuzzynimia";"Korzystamy z relacji fuzzynimii w przypadku, gdy bez niej jednostka leksykalna miałaby pozostać poza siecią z braku zdefiniowania odpowiedniej relacji. Fuzzynimia pojawi się więc, gdy wszystkie pozostałe testy zawiodą, a wciąż można będzie powiedzieć, że &quot;X łączy z Y jakaś silna relacja&quot;. Fuzzynimia w Słowosieci łączy jednostki tej samej klasy gramatycznej.";"czasownik,rzeczownik,przysłówek,przymiotnik";"&lt;x#> i &lt;y#> to fuzzynimy";"fuzz";"true";"p_?";"(rzeczownik &lt;x#> jest w jakiejś relacji semantycznej z leksemem &lt;y#> ,rzeczownik) (czasownik &lt;x#> jest w jakiejś relacji semantycznej z leksemem &lt;y#> ,czasownik) (przymiotnik &lt;x#> jest w jakiejś relacji semantycznej z leksemem &lt;y#> ,przymiotnik)"
20;8331;"relacja leksykalna";"25";"część";"(dziedziczone)";"(dziedziczone)";"&lt;x#> jest meronimem (typu część) dla &lt;y#>";"mero:cz";"false";"p_%p";"(TAK: &lt;x#> jest częścią &lt;y#subst:sg:gen:%>,rzeczownik) (TAK: &lt;y#> nie jest częścią &lt;x#subst:sg:gen:%>,rzeczownik) (TAK: &lt;y#> jest całością, której częścią jest &lt;x#>,rzeczownik)"
21;123;"relacja leksykalna";"26";"porcja";"(dziedziczone)";"(dziedziczone)";"&lt;x#> jest meronimem (typu porcja) dla &lt;y#>";"mero:porc";"false";"p_%c";"(TAK: &lt;x#> jest porcją &lt;y#subst:sg:gen:%>,rzeczownik) (TAK: &lt;y#> jest całością, której porcją jest &lt;x#>,rzeczownik) (TAK: &lt;y#> nie jest porcją &lt;x#subst:sg:gen:%>,rzeczownik)"
22;1749;"relacja leksykalna";"27";"miejsce";"(dziedziczone)";"(dziedziczone)";"&lt;x#> jest meronimem (typu miejsce) dla &lt;y#>";"mero:msc";"false";"p_%w";"(TAK: &lt;x#> jest miejscem w (na) &lt;y#subst:sg:gen:%>,rzeczownik) (TAK: &lt;y#> jest całością, której pewnym miejscem jest &lt;x#>,rzeczownik) (TAK: &lt;y#> nie jest miejscem w/na &lt;x#subst:sg:loc:%>,rzeczownik)"
23;5541;"relacja leksykalna";"28";"element kolekcji";"(dziedziczone)";"(dziedziczone)";"&lt;x#> jest meronimem (typu element) dla &lt;y#>";"mero:el";"false";"p_%m";"(TAK: &lt;x#> jest elementem &lt;y#subst:sg:gen:%>,rzeczownik) (TAK: &lt;y#> jest grupą/zbiorem, której elementem jest &lt;x#>,rzeczownik) (TAK: &lt;y#> nie jest elementem &lt;x#subst:sg:gen:%>,rzeczownik)"
24;630;"relacja leksykalna";"29";"materiał";"(dziedziczone)";"(dziedziczone)";"&lt;x#> jest meronimem (typu materiał) dla &lt;y#>";"mero:mat";"false";"p_%s";"(TAK: &lt;x#> jest materiałem, z którego jest zrobione &lt;y#>,rzeczownik) (TAK: &lt;y#> jest całością, która została wykonana (w całości lub części) z &lt;x#subst:sg:gen:%>,rzeczownik) (TAK: &lt;y#> nie jest materiałem, z którego zrobione jest &lt;x#>,rzeczownik)"
25;10044;"relacja leksykalna";"20";"część";"(dziedziczone)";"(dziedziczone)";"&lt;x#> jest holonimem (typu część) dla &lt;y#>";"holo:cz";"false";"p_#p";"(TAK: &lt;y#> jest częścią &lt;x#subst:sg:gen:%>,rzeczownik) (TAK: &lt;x#> jest całością, której częścią jest &lt;y#>,rzeczownik) (TAK: &lt;x#> nie jest częścią &lt;y#subst:sg:gen:%>,rzeczownik)"
26;67;"relacja leksykalna";"21";"porcja";"(dziedziczone)";"(dziedziczone)";"&lt;x#> jest holonimem (typu porcja) dla &lt;y#>";"holo:porc";"false";"p_#c";"(TAK: &lt;y#> jest porcją &lt;x#subst:sg:gen:%>,rzeczownik) (TAK: &lt;x#> jest całością, której porcją jest &lt;y#>,rzeczownik) (TAK: &lt;x#> nie jest porcją &lt;y#subst:sg:gen:%>,rzeczownik)"
27;1718;"relacja leksykalna";"22";"miejsce";"(dziedziczone)";"(dziedziczone)";"&lt;x#> jest holonimem (typu miejsce) dla &lt;y#>";"holo:msc";"false";"p_#w";"(TAK: &lt;y#> jest miejscem w (na) &lt;x#subst:sg:gen:%>,rzeczownik) (TAK: &lt;x#> jest całością, której pewnym miejscem jest &lt;y#>,rzeczownik) (TAK: &lt;x#> nie jest miejscem w/na &lt;y#subst:sg:loc:%>,rzeczownik)"
28;5889;"relacja leksykalna";"23";"element kolekcji";"(dziedziczone)";"(dziedziczone)";"&lt;x#> jest holonimem (typu element) dla &lt;y#>";"holo:el";"false";"p_#m";"(TAK: &lt;y#> jest elementem &lt;x#subst:sg:gen:%>,rzeczownik) (TAK: &lt;x#> jest grupą/zbiorem, której elementem jest &lt;y#>,rzeczownik) (TAK: &lt;x#> nie jest elementem &lt;y#subst:sg:gen:%>,rzeczownik)"
29;3735;"relacja leksykalna";"24";"materiał";"(dziedziczone)";"(dziedziczone)";"&lt;x#> jest holonimem (typu materiał) dla &lt;y#>";"holo:mat";"false";"p_#s";"(TAK: &lt;y#> jest materiałem, z którego jest zrobione &lt;x#>,rzeczownik) (TAK: &lt;x#> jest całością, która została wykonana (w całości lub części) z &lt;y#subst:sg:gen:%>,rzeczownik) (TAK: &lt;x#> nie jest materiałem, z którego zrobione jest &lt;y#>,rzeczownik)"
34;1384;"relacja leksykalna";"-1";"agens|subiekt";"(dziedziczone)";"(dziedziczone)";"&lt;x#> jest agensem dla czynności wyrażanej przez &lt;y#>";"rol:ag";"false";"p_ra";"(rzeczownik &lt;x#> jest derywatem czasownika &lt;y#>,rzeczownik) (TAK: &lt;x#subst:sg:nom:%> jest &lt;x#subst:sg:inst:%>, ponieważ &lt;x#subst:sg:nom:%> &lt;y#fin:sg:ter:%>,rzeczownik) (&lt;x#subst:sg:nom:%> to AGENS|SUBIEKT czynności &lt;y#>,rzeczownik) (znaczenie &lt;x#subst:sg:gen> zawiera w sobie czynność wyrażaną przez czasownik &lt;y#>,rzeczownik)"
35;254;"relacja leksykalna";"-1";"pacjens|obiekt";"(dziedziczone)";"(dziedziczone)";"&lt;x#> jest pacjensem dla czynności wyrażanej przez &lt;y#>";"rol:pacj";"false";"p_rp";"(rzeczownik &lt;x#> jest derywatem czasownika &lt;y#>,rzeczownik) (TAK: &lt;x#subst:sg:nom:%> jest &lt;x#subst:sg:inst:%>, ponieważ podlega czynności &lt;y#>,rzeczownik) (&lt;x#subst:sg:nom:%> to PACJENS|OBIEKT, który podlega czynności &lt;y#>,rzeczownik) (znaczenie &lt;x#subst:sg:gen> zawiera w sobie czynność wyrażaną przez czasownik &lt;y#>,rzeczownik)"
36;833;"relacja leksykalna";"-1";"narzędzie";"(dziedziczone)";"(dziedziczone)";"&lt;x#> jest narzędziem dla czynności wyrażanej przez &lt;y#>";"rol:narz";"false";"p_rn";"(rzeczownik &lt;x#> jest derywatem czasownika &lt;y#>,rzeczownik) (TAK: &lt;x#subst:sg:nom:%> jest &lt;x#subst:sg:inst:%>, ponieważ tym (się) &lt;y#fin:sg:ter:%>,rzeczownik) (&lt;x#subst:sg:nom:%> to NARZĘDZIE, którym (się) &lt;y#fin:sg:ter:%>,rzeczownik) (znaczenie &lt;x#subst:sg:gen> zawiera w sobie czynność wyrażaną przez czasownik &lt;y#>,rzeczownik)"
37;292;"relacja leksykalna";"-1";"miejsce";"(dziedziczone)";"(dziedziczone)";"&lt;x#> jest miejscem dla czynności wyrażanej przez &lt;y#>";"rol:msc";"false";"p_rm";"(rzeczownik &lt;x#> jest derywatem czasownika &lt;y#>,rzeczownik) (TAK: &lt;x#subst:sg:nom:%> jest &lt;x#subst:sg:inst:%>, ponieważ tam (się) &lt;y#fin:sg:ter:%>,rzeczownik) (&lt;x#subst:sg:nom:%> to MIEJSCE, gdzie (się) &lt;y#fin:sg:ter:%>,rzeczownik) (znaczenie &lt;x#subst:sg:gen> zawiera w sobie czynność wyrażaną przez czasownik &lt;y#>,rzeczownik)"
38;1541;"relacja leksykalna";"-1";"wytwór|rezultat";"(dziedziczone)";"(dziedziczone)";"&lt;x#> jest wytworem|rezultatem dla czynności wyrażanej przez &lt;y#>";"rol:wtw&amp;rez";"false";"p_rw";"(rzeczownik &lt;x#> jest derywatem czasownika &lt;y#>,rzeczownik) (TAK: &lt;x#subst:sg:nom:%> powstaje, gdy (się) &lt;y#fin:sg:ter:%>,rzeczownik) (&lt;x#subst:sg:nom:%> to WYTWÓR | REZULTAT czynności &lt;y#inf:%>,rzeczownik) (znaczenie &lt;x#subst:sg:gen> zawiera w sobie czynność wyrażaną przez czasownik &lt;y#>,rzeczownik)"
39;141;"relacja leksykalna";"-1";"czas";"(dziedziczone)";"(dziedziczone)";"&lt;x#> wyraża czas czynności wyrażanej przez &lt;y#>";"rol:czas";"false";"p_rc";"(rzeczownik &lt;x#> jest derywatem czasownika &lt;y#>,rzeczownik) (gdy jest (są) &lt;x#>, wtedy (się) &lt;y#fin:sg:ter:%>,rzeczownik) (&lt;x#subst:sg:nom:%> to CZAS, w którym (się) &lt;y#fin:sg:ter:%>,rzeczownik) (znaczenie &lt;x#subst:sg:gen> zawiera w sobie czynność wyrażaną przez czasownik &lt;y#>,rzeczownik)"
40;160;"relacja leksykalna";"-1";"podtyp nieokreślony";"(dziedziczone)";"(dziedziczone)";"&lt;x#> jest w relacji rola - podtyp nieokreślony do &lt;y#>";"rol:?";"false";"p_r?";"(rzeczownik &lt;x#> jest derywatem czasownika &lt;y#>,rzeczownik) (znaczenie rzeczownika &lt;x#subst:sg:nom:%> jest  związane z czynnością &lt;y#>,rzeczownik) (&lt;x#subst:sg:nom:%> to ROLA czasownika &lt;y#>,rzeczownik) (znaczenie &lt;x#subst:sg:gen> zawiera w sobie czynność wyrażaną przez czasownik &lt;y#>,rzeczownik)"
41;67;"relacja leksykalna";"-1";"zawieranie agensa|subiektu";"(dziedziczone)";"(dziedziczone)";"&lt;x#> to sytuacja, której agensem jest &lt;y#>";"zrol:ag";"false";"p_za";"(czasownik &lt;x#> to derywat rzeczownika &lt;y#>,czasownik) (czynność: &lt;x#> wykonywana jest przez &lt;y#subst:sg:acc:%>,czasownik) (czasownik &lt;x#> zawiera w sobie AGENSA|SUBIEKT &lt;y#>,czasownik) (czynność wyrażana przez czasownik &lt;x#> zawiera w sobie znaczenie rzeczownika &lt;y#>,czasownik)"
42;127;"relacja leksykalna";"-1";"zawieranie pacjensa|obiektu";"(dziedziczone)";"(dziedziczone)";"&lt;x#> to sytuacja, której pacjensem jest &lt;y#>";"zrol:pacj";"false";"p_zp";"(czasownik &lt;x#> to derywat rzeczownika &lt;y#>,czasownik) (&lt;y#subst:sg:nom:%> podlega czynności wyrażanej przez czasownik &lt;x#>,czasownik) (&lt;y#> jest PACJENSEM (obiektem) czynności &lt;x#>,czasownik) (czynność wyrażana przez czasownik &lt;x#> zawiera w sobie znaczenie rzeczownika &lt;y#>,czasownik)"
43;29;"relacja leksykalna";"-1";"zawieranie czasu";"(dziedziczone)";"(dziedziczone)";"&lt;x#> to sytuacja, której czasem jest &lt;y#>";"zrol:czas";"false";"p_zc";"(czasownik &lt;x#> to derywat rzeczownika &lt;y#>,czasownik) (&lt;x#fin:sg:ter:%> (się) wtedy, gdy jest (są) &lt;y#>,czasownik) (czasownik &lt;x#> zawiera w sobie CZAS &lt;y#>,czasownik) (czynność wyrażana przez czasownik &lt;x#> zawiera w sobie znaczenie rzeczownika &lt;y#>,czasownik)"
44;32;"relacja leksykalna";"-1";"zawieranie miejsca";"(dziedziczone)";"(dziedziczone)";"&lt;x#> to sytuacja, której miejscem jest &lt;y#>";"zrol:msc";"false";"p_zm";"(czasownik &lt;x#> to derywat rzeczownika &lt;y#>,czasownik) (&lt;x#fin:sg:ter:%> (się) tam, gdzie jest (są) &lt;y#>,czasownik) (lub &lt;x#fin:sg:ter:%> (się) w|na &lt;y#subst:sg:loc:%>,czasownik) (czasownik &lt;x#> zawiera w sobie MIEJSCE &lt;y#>,czasownik) (czynność wyrażana przez czasownik &lt;x#> zawiera w sobie znaczenie rzeczownika &lt;y#>,czasownik)"
45;463;"relacja leksykalna";"-1";"zawieranie narzędzia";"(dziedziczone)";"(dziedziczone)";"&lt;x#> to sytuacja, której narzędziem jest &lt;y#>";"zrol:narz";"false";"p_zn";"(czasownik &lt;x#> to derywat rzeczownika &lt;y#>,czasownik) (&lt;x#fin:sg:ter> (się) za pomocą &lt;y#subst:sg:gen:%>,czasownik) (czynność &lt;x#> zawiera w sobie NARZĘDZIE: &lt;y#>,czasownik) (czynność wyrażana przez czasownik &lt;x#> zawiera w sobie znaczenie rzeczownika &lt;y#>,czasownik)"
46;561;"relacja leksykalna";"-1";"zawieranie wytworu | rezultatu";"(dziedziczone)";"(dziedziczone)";"&lt;x#> to sytuacja, której wytworem|rezultatem jest &lt;y#>";"zrol:wtw&amp;rez";"false";"p_zw";"(czasownik &lt;x#> to derywat rzeczownika &lt;y#>,czasownik) (gdy (się) &lt;x#fin:sg:ter:%>, wtedy powstaje &lt;y#subst:sg:nom:%>,czasownik) (&lt;y#> jest WYTWOREM | REZULTATEM czynności oznaczanej przez czasownik &lt;x#>,czasownik) (&lt;x#> zawiera w sobie rzeczownik &lt;y#>,czasownik)"
47;82;"relacja leksykalna";"-1";"podtyp nieokreślony";"(dziedziczone)";"(dziedziczone)";"&lt;x#> to sytuacja, która jest związana relacją zawieranie roli - podtyp nieokreślony z &lt;y#>";"zrol:?";"false";"p_zpn";"(czasownik &lt;x#> to derywat rzeczownika &lt;y#>,czasownik) (czynność &lt;x#> jest związana z &lt;y#subst:sg:inst:%>,czasownik) (czynność &lt;x#> zawiera w sobie ROLĘ &lt;y#>,czasownik) (czynność wyrażana przez czasownik &lt;x#> zawiera w sobie znaczenie rzeczownika &lt;y#>,czasownik)"
48;3510;"relacja leksykalna";"-1";"agens przy niewyrażonym predykacie";"(dziedziczone)";"(dziedziczone)";"&lt;x#> jest agensem przy niewyrażonym predykacie derywowanym od rzeczownika &lt;y#>";"rol:agNP";"false";"p_ran";"(TAK: rzeczownik &lt;x#> jest derywatem rzeczownika &lt;y#>,rzeczownik) (TAK: '&lt;y#>' nie jest gerundium (nomen actionis),rzeczownik) (TAK: albo &lt;x#> zajmuje się &lt;y#subst:sg:inst:%>, albo &lt;x#> robi coś z &lt;y#subst:sg:inst:%>,rzeczownik) (TAK: &lt;x#> to AGENS dla czynności INTENCJONALNEJ związanej z &lt;y#subst:sg:inst:%>,rzeczownik) (TAK: rzeczownik &lt;x#> zawiera w sobie znaczenie rzeczownika &lt;y#>,rzeczownik)"
49;390;"relacja leksykalna";"-1";"miejsce przy niewyrażonym predykacie";"(dziedziczone)";"(dziedziczone)";"&lt;x#> jest miejscem przy niewyrażonym predykacie derywowanym od rzeczownika &lt;y#>";"rol:mscNP";"false";"p_rmn";"(rzeczownik &lt;x#> jest derywatem rzeczownika &lt;y#>,rzeczownik) (TAK: &lt;x#> jest miejscem, w którym ktoś/coś  robi coś z &lt;y#>,rzeczownik) (&lt;x#> to MIEJSCE dla &lt;y#subst:sg:gen:%>,rzeczownik) (rzeczownik &lt;x#> zawiera w sobie znaczenie rzeczownika &lt;y#>,rzeczownik)"
50;83;"relacja leksykalna";"-1";"wytwór | rezultat przy niewyrażonym predykacie";"(dziedziczone)";"(dziedziczone)";"&lt;x#> jest rezultatem|wytworem przy niewyrażonym predykacie derywowanym od rzeczownika &lt;y#>";"rol:wtw&amp;rezNP";"false";"p_rwn";"(rzeczownik &lt;x#> jest derywatem rzeczownika &lt;y#>,rzeczownik) (TAK: &lt;x#> powstaje, gdy coś się robi z &lt;y#subst:sg:inst>,rzeczownik) (&lt;x#> to WYTWÓR | REZULTAT tego, co robi się z &lt;y#>,rzeczownik) (rzeczownik &lt;x#> zawiera w sobie znaczenie rzeczownika &lt;y#>,rzeczownik)"
51;955;"relacja leksykalna";"52";"nosiciel_stanu|cechy";"Relacja służy połączeniu rzeczowników opisujących kogoś lub coś, będących w określonym stanie, przejawiających jakiś stan lub charakterystycznych ze względu na jakąś cechę, z przymiotnikami, które wyrażają stan lub cechę. Rzeczownik jest derywowany od przymiotnika.";"rzeczownik,przymiotnik";"&lt;x#> jest nosicielem stanu|cechy &lt;y#>";"nos:s&amp;c";"true";"p_a";"(&lt;x#> to rzeczownik, a &lt;y#> to przymiotnik,rzeczownik) (TAK: &lt;x#> jest kimś/czymś, do kogo/czego odnosi się stan wyrażony przez &lt;y#adj:sg:acc:%>,rzeczownik) (TAK: &lt;x#> jest kimś/czymś, kto/co jest &lt;y#>,rzeczownik)"
52;955;"relacja leksykalna";"51";"stan|cecha";"Relacja służy połączeniu rzeczowników opisujących kogoś lub coś, będących w określonym stanie, przejawiających jakiś stan lub charakterystycznych ze względu na jakąś cechę, z przymiotnikami, które wyrażają stan lub cechę. Przymiotnik jest bazą derywacyjną dla rzeczownika.";"rzeczownik,przymiotnik";"&lt;x#> jest stanem|cechą &lt;y#>";"st&amp;cech";"true";"p_c";"(&lt;y#> jest rzeczownikiem, &lt;x#> jest przymiotnikiem,przymiotnik) (TAK: &lt;y#> jest kimś/czymś, do kogo/czego odnosi się stan wyrażony przez &lt;x#subst:sg:acc:%>,przymiotnik) (TAk: &lt;y#> jest kimś/czymś, kto/co jest &lt;x#>,przymiotnik)"
53;3221;"relacja leksykalna";"-1";"żeńskość";"Dla nazw żeńskich wyprowadzanych z rzeczowników męskich wprowadzamy relację żeńskości. Relacja ta łączyć będzie jednostki leksykalne.&#xa;Pary rzeczowników niezwiązanych morfologicznie, a wyrażające różnicę płci, na przykład &quot;klacz&quot; i &quot;ogier&quot;, łączymy relacją konwersji.";"nieznana,rzeczownik";"'&lt;x#>' jest nazwą żeńską derywowaną od &lt;y#>";"żeń";"false";"p_f";"(&lt;x#> i &lt;y#> to rzeczowniki,rzeczownik) (&lt;x#> jest nazwą żeńską, której podstawą derywacyjną jest &lt;y#>,rzeczownik) (TAK: &lt;x#> to &lt;y#>-kobieta | &lt;y#>-samica,rzeczownik)"
55;73;"relacja leksykalna";"-1";"istota młoda";"(dziedziczone)";"(dziedziczone)";"'&lt;x#>' to nazwa istoty młodej derywowana od &lt;y#>";"nac:ist_mł";"false";"p_ni";"(Rzeczownik &lt;x#> jest derywatem rzeczownika &lt;y#>,rzeczownik) (&lt;x#> jest nazwą istoty młodej,rzeczownik) (TAK: &lt;x#> to młode (-a, -y) &lt;y#>,rzeczownik)"
56;3905;"relacja leksykalna";"-1";"deminutywność";"(dziedziczone)";"(dziedziczone)";"&lt;x#> jest deminutywne względem &lt;y#>";"nac:dem";"false";"p_nd";"(Rzeczownik &lt;x#> jest derywatem rzeczownika &lt;y#>,rzeczownik) (&lt;x#> jest nazwą deminutywną,rzeczownik) (TAK: &lt;x#> to mały (-a, -e) &lt;y#> lub &lt;x#> to miły (-a, -e) &lt;y#>,rzeczownik)"
57;843;"relacja leksykalna";"-1";"ekspresywność | augmentatywność";"(dziedziczone)";"(dziedziczone)";"'&lt;x#>' to nazwa ekspresywna/augmentatywna derywowana od &lt;y#>";"nac:eks&amp;aug";"false";"p_ne";"(Rzeczownik &lt;x#> jest derywatem rzeczownika &lt;y#>,rzeczownik) (&lt;x#> jest nazwą ekspresywną lub augmentatywną,rzeczownik) (TAK: &lt;x#> to duży (-a, -e) &lt;y#> lub,rzeczownik) (TAK: &lt;x#> to pozytywne albo negatywne określenie &lt;y#subst:sg:gen:%>,rzeczownik)"
58;493;"relacja pomiędzy synsetami";"-1";"mieszkaniec";"Relacja wynikająca z derywacji: bycie mieszkańcem/obywatelem jakiegoś kraju, regionu lub miasta. Relacja wiąże synsety, z których przynajmniej dwie jednostki musi wiązać relacja derywacyjna (po jednym z każdego).";"rzeczownik";"wyraz &lt;x#> określa mieszkańca miejscowości/regionu &lt;y#>";"mieszk";"false";"p_m";"(&lt;x#> i &lt;y#> to rzeczowniki,rzeczownik) (&lt;x#> jest nazwą osoby, &lt;y#> jest nazwą miejsca,rzeczownik) (TAK: &lt;x#> mieszka w &lt;y#subst:sg:loc:%> lub &lt;x#> pochodzi z &lt;y#subst:sg:gen:%>,rzeczownik)"
59;23967;"relacja leksykalna";"-1";"derywacyjność";"Derywaty synchroniczne reprezentujące procesy mniej regularne łączymy z podstawami słowotwórczymi relacją derywacyjności.";"czasownik,rzeczownik,przysłówek,przymiotnik";"&lt;x#> jest derywatem od &lt;y#>";"der";"false";"p_+";"(jednostka &lt;x#> jest derywatem jednostki &lt;y#>,rzeczownik) (jednostka &lt;x#> jest derywatem jednostki &lt;y#>,przymiotnik) (jednostka &lt;x#> jest derywatem jednostki &lt;y#>,czasownik) (Jednostka &lt;x#> jest derywatem jednostki &lt;y#>.,przysłówek)"
60;10352;"relacja pomiędzy synsetami";"60";"bliskoznaczność";"Wyrazy bliskoznaczne różnią się w sposób istotny rejestrem, przy czym wszystkie relacje synsetów mają takie same z wyjątkiem relacji hiperonimii (= mogą różnić się hiponimami).";"czasownik,rzeczownik,przysłówek,przymiotnik";"&lt;x#> jest bliskoznaczne z &lt;y#>";"bzn";"true";"p_b";"(&lt;x#> i &lt;y#> mają wspólny hiperonim, zbiory ich hiponimów nie pokrywają się,rzeczownik) (&lt;x#> i &lt;y#> nie są synonimami,rzeczownik) (jeżeli ktoś/coś jest &lt;y#subst:sg:inst:%>, to także jest &lt;x#:subst:sg:inst:%> [pomijając różnicę rejestrów stylistycznych],rzeczownik) (jeżeli ktoś/coś jest &lt;x#subst:sg:inst:%>, to także jest &lt;y#:subst:sg:inst:%> [pomijając różnicę rejestrów stylistycznych],rzeczownik) (&lt;x#> i &lt;y#> mają ten sam aspekt,czasownik) (&lt;x#> i &lt;y#> różnią się w istotny sposób rejestrem stylistycznym,czasownik) (&lt;y#> to &lt;x#>  [pomijając różnice rejestrów stylistycznych],czasownik) (&lt;x#> to &lt;y#> [pomijając różnice rejestrów stylistycznych],czasownik) (Nieprawda, że &lt;x#> to &lt;y#> w pewien sposób, jakoś (okolicznik sposobu),czasownik) (Nieprawda, ża &lt;y#> to &lt;x#> w pewien sposób, jakoś (okolicznik sposobu),czasownik) (&lt;x#> i &lt;y#> to przymiotniki, N jest rzeczownikiem,przymiotnik) ([PRZYMIOTNIKI JAKOŚCIOWE],przymiotnik) (Jeżeli ktoś|coś jest &lt;x#>(a,e), to jest także &lt;y#>(a,e) [pomijając różnicę rejestrów stylistycznych],przymiotnik) (Jeżeli ktoś|coś jest &lt;y#>(a,e), to jest także &lt;x#>(a,e) [pomijając różnicę rejestrów stylistycznych],przymiotnik) ([PRZYMIOTNIKI RELACYJNE],przymiotnik) (Jeżeli ktoś|coś jest N &lt;x#adj:sg:inst:%>(ą), to jest także N &lt;y#adj:sg:inst:%>(ą) [pomijając różnicę rejestrów stylistycznych],przymiotnik) (Jeżeli ktoś|coś jest N &lt;y#adj:sg:inst:%>(ą), to jest także N &lt;x#adj:sg:inst:%>(ą) [pomijając różnicę rejestrów stylistycznych],przymiotnik) (&lt;x#> i &lt;y#> to przysłówki, które wchodzą w relacje konstytutywne z tymi samymi jednostkami leksykalnymi (mogą jednak mieć różne hiponimy), ale różnią się w sposób istotny rejestrem leksykalnym.,przysłówek) ([a] Jeżeli ktoś / coś robi coś &lt;x#>, to robi to &lt;y#>.,przysłówek) ([a] Jeżeli ktoś / coś robi coś &lt;y#>, to robi to &lt;x#>.,przysłówek) ([b] Jeżeli coś dzieje się &lt;x#>, to dzieje się &lt;y#>.,przysłówek) ([b] Jeżeli coś dzieje się &lt;y#>, to dzieje się &lt;x#>.,przysłówek) ([c] Jeżeli ktoś / coś jest &lt;x#> jakiś (-aś, -eś), to jest też &lt;y#> jakiś (-aś, -eś).,przysłówek) ([c] Jeżeli ktoś / coś jest &lt;y#> jakiś (-aś, -eś), to jest też &lt;x#> jakiś (-aś, -eś).,przysłówek) ([d] Jeżeli jest &lt;x#>, to jest też &lt;y#>.,przysłówek) ([d] Jeżeli jest &lt;y#>, to jest też &lt;x#>.,przysłówek)"
62;30926;"relacja leksykalna";"141";"synonimia międzyparadygmatyczna N-V";"(dziedziczone)";"(dziedziczone)";"&lt;x#> i &lt;y#> to synonimy międzyparadygmatyczne";"syn:mpar_NV";"true";"p_sn";"(&lt;x#> to rzeczownik, a &lt;y#> to czasownik,rzeczownik) (&lt;x#> i &lt;y#> są ze sobą powiązane morfologicznie,rzeczownik) (TAK: jeśli jest mowa o przypadku &lt;x#subst:sg:gen:%>, to ktoś/coś &lt;y#fin:sg:ter:%> (się),rzeczownik) (TAK: jeśli ktoś/coś &lt;y#fin:sg:ter:%> (się), to mowa jest o przypadku &lt;x#subst:sg:gen:%>,rzeczownik)"
63;4056;"relacja leksykalna";"142";"synonimia międzyparadygmatyczna N-ADJ";"(dziedziczone)";"(dziedziczone)";"&lt;x#> i &lt;y#> to synonimy międzyparadygmatyczne";"syn:mpar_NAdj";"true";"p_sa";"(&lt;x#> to rzeczownik, a &lt;y#> to przymiotnik,rzeczownik) (&lt;x#> i &lt;y#> są powiązane ze sobą morfologicznie, &lt;x#> jest derywatem &lt;y#>,rzeczownik) (TAK: jeśli mowa jest o stanie|cesze &lt;x#>, to ktoś/coś jest &lt;y#>,rzeczownik) (TAK: jeśli ktoś/coś jest &lt;y#>, to mowa jest o stanie|cesze &lt;x#>,rzeczownik)"
64;7849;"relacja leksykalna";"65";"element taksonomiczny";"(dziedziczone)";"(dziedziczone)";"&lt;x#> jest meronimem (typu element) dla &lt;y#>";"mero:taks";"false";"p_%t";"(TAK: &lt;x#> jest elementem taksonomicznym &lt;y#subst:sg:gen:%>,rzeczownik) (TAK: &lt;y#> reprezentuje poziom taksonomiczny, którego elementem jest &lt;x#>,rzeczownik) (TAK: &lt;y#> nie jest elementem taksonomicznym &lt;x#subst:sg:gen:%>,rzeczownik)"
65;7846;"relacja leksykalna";"64";"element taksonomiczny";"(dziedziczone)";"(dziedziczone)";"&lt;x#> jest holonimem (typu element) dla &lt;y#>";"holo:taks";"false";"p_#t";"(TAK: &lt;y#> jest elementem taksonomicznym &lt;x#subst:sg:gen:%>,rzeczownik) (TAK: &lt;x#> reprezentuje poziom taksonomiczny, którego elementem jest &lt;y#>,rzeczownik) (TAK: &lt;x#> nie jest elementem taksonomicznym &lt;y#subst:sg:gen:%>,rzeczownik)"
74;9168;"relacja leksykalna";"75";"aspektowość czysta DK-NDK";"(dziedziczone)";"(dziedziczone)";"&lt;x#> i &lt;y#> tworzą czystą parę aspektową";"asp_cz_DK-NDK";"true";"p_ascd";"(&lt;x#> i &lt;y#> to czasowniki powiązane derywacyjnie (lub supletywne),czasownik) (&lt;x#> jest DK, a &lt;y#> jest NDK. Czasowniki &lt;x#> i &lt;y#> tworzą parę aspektową,czasownik) (&lt;x#> nie ma derywatów niedokonanych albo &lt;y#> jest jedynym takim derywatem [TEST WTÓRNEJ IMPERFEKTYWIZACJI],czasownik) (&lt;x#> i &lt;y#> semantycznie różnią się wyłącznie aspektem,czasownik)"
75;9168;"relacja leksykalna";"74";"aspektowość czysta NDK-DK";"(dziedziczone)";"(dziedziczone)";"&lt;x#> i &lt;y#> tworzą parę aspektową";"asp_cz_NDK-DK";"true";"p_ascn";"(&lt;x#> i &lt;y#> to czasowniki powiązane derywacyjnie (lub supletywne),czasownik) (&lt;x#> jest NDK, a &lt;y#> jest DK. Czasowniki &lt;x#> i &lt;y#> tworzą parę aspektową,czasownik) (&lt;y#> nie ma derywatu niedokonanego albo &lt;x#> jest jedynym takim derywatem [TEST WTÓRNEJ IMPERFEKTYWIZACJI],czasownik) (&lt;x#> i &lt;y#> semantycznie różnią się wyłącznie aspektem,czasownik)"
89;310;"relacja leksykalna";"-1";"procesywność V_NDK-Adj";"(dziedziczone)";"(dziedziczone)";"&lt;x#> wchodzi w relację procesywności NDK-Adj z &lt;y#>";"pr_V_NDK-Adj";"false";"p_vna";"(&lt;x#> to czasownik,czasownik) (&lt;y#> to przymiotnik,czasownik) (&lt;x#> to stawać się &lt;y#adj:sg:inst:m1:%|y#pact:sg:inst:m1:%>,czasownik)"
90;41;"relacja leksykalna";"-1";"procesywność V_NDK-N";"(dziedziczone)";"(dziedziczone)";"&lt;x#> wchodzi w relację procesywności NDK-N z &lt;y#>";"pr_V_NDK-N";"false";"p_pvnn";"(&lt;x#> to czasownik,czasownik) (&lt;y#> to rzeczownik,czasownik) (&lt;x#> to stawać się &lt;y#subst:sg:inst:%>,czasownik)"
92;62;"relacja leksykalna";"-1";"stanowość V-Adj";"(dziedziczone)";"(dziedziczone)";"&lt;x#> wchodzi w relację stanowości V-Adj z &lt;y#>";"st_V-Adj";"false";"p_stva";"(&lt;y#> to przymiotnik, &lt;y#> nie jest imiesłowem przymiotnikowym czynnym,czasownik) (&lt;x#> to czasownik,czasownik) (&lt;x#> znaczy 'być &lt;y#adj:sg:inst:m1:%>',czasownik)"
93;29;"relacja leksykalna";"-1";"stanowość V-N";"(dziedziczone)";"(dziedziczone)";"&lt;x#> wchodzi w relację stanowości V-N z &lt;y#>";"st_V-N";"false";"p_stvn";"(&lt;y#> to rzeczownik,czasownik) (&lt;x#> to czasownik,czasownik) (&lt;x#> znaczy 'być &lt;y#subst:sg:inst:%>',czasownik)"
101;1548;"relacja leksykalna";"101";"antonimia komplementarna";"(dziedziczone)";"(dziedziczone)";"&lt;x#> i &lt;y#> to antonimy komplementarne";"ant_kom";"true";"p_ank";"(TAK: &lt;x#> i &lt;y#> to kohiponimy lub komeronimy lub hiponimy antonimów albo konwersów,rzeczownik) (TAK: - To jest &lt;x#>? - Nie, wręcz przeciwnie, to jest &lt;y#>!,rzeczownik) (TAK: Jeżeli ktoś|coś nie jest &lt;x#subst:sg:inst:%>, to musi być &lt;y#subst:sg:inst:%>,rzeczownik) (TAK: Jeżeli ktoś|coś jest &lt;x#subst:sg:inst:%>, to nie może być &lt;y#subst:sg:inst:%>,rzeczownik) (NIE: Jeżeli ktoś|coś jest dla kogoś|czegoś &lt;x#subst:sg:inst:%>, to ktoś|coś jest dla kogoś|czegość &lt;y#subst:sg:inst:%>,rzeczownik) (&lt;x#> i &lt;y#> to albo kohiponimy/komeronimy, albo hiponimy/meronimy jednostek antonimicznych lub konwersów,czasownik) (&lt;x#> i &lt;y#> mają ten sam aspekt,czasownik) (Nie jest możliwe, że &lt;x#fin:sg:ter:%> i &lt;y#fin:sg:ter:%> jednocześnie,czasownik) (&lt;x#fin:sg:ter:%>? - Nie, wręcz przeciwnie - &lt;y#fin:sg:ter:%>,czasownik) (Jeżeli nie &lt;x#fin:sg:ter:%>, to &lt;y#fin:sg:ter:%>,czasownik) (Jeżeli &lt;x#fin:sg:ter:%>, to nie &lt;y#fin:sg:ter:%>,czasownik) (Nieprawda, że jeżeli a &lt;x#fin:sg:ter:%> (PRAEP) b, to b &lt;y#fin:sg:ter:%> (PRAEP) a,czasownik) (&lt;x#> i &lt;y#> to przymiotniki,przymiotnik) (Ktoś|coś jest &lt;x#>(e)? - Wręcz przeciwnie! Jest &lt;y#>(e),przymiotnik) (Jeżeli ktoś|coś jest &lt;x#>(e), to nie jest &lt;y#>(e),przymiotnik) (Jeżeli ktoś|coś nie jest &lt;x#>(e), to jest &lt;y#>(e),przymiotnik) (&lt;x#> i &lt;y#> nie są konwersami (= są przymiotnikami w stopniu równym),przymiotnik) (&lt;x#> i &lt;y#> to przysłówki, które nie są konwersami.,przysłówek) (Antonimia to relacja łącząca przysłówki, których można użyć w następującym dialogu:,przysłówek) ([a] - Ktoś / coś robi coś &lt;x#>?,przysłówek) ([a] - Wręcz przeciwnie: robi to &lt;y#>.,przysłówek) ([a] - Jeżeli ktoś / coś robi coś &lt;x#>, to nie robi tego &lt;y#>.,przysłówek) ([a] - Jeżeli ktoś / coś nie robi czegoś &lt;x#>, to robi to &lt;y#>.,przysłówek) ([b] - Coś dzieje się &lt;x#>?,przysłówek) ([b] - Wręcz przeciwnie: dzieje się &lt;y#>.,przysłówek) ([b] - Jeżeli coś dzieje się &lt;x#>, to nie dzieje się &lt;y#>.,przysłówek) ([b] - Jeżeli coś nie dzieje się &lt;x#>, to dzieje się &lt;y#>.,przysłówek) ([c] - Ktoś / coś jest &lt;x#> jakiś (-aś, -eś)?,przysłówek) ([c] - Wręcz przeciwnie: jest &lt;y#> jakiś (-aś, -eś).,przysłówek) ([c] - Jeżeli ktoś / coś jest &lt;x#> jakiś (-aś, -eś), to nie jest &lt;y#> jakiś (-aś, -eś).,przysłówek) ([c] - Jeżeli ktoś / coś nie jest &lt;x#> jakiś (-aś, -eś), to jest &lt;y#> jakiś (-aś, -eś).,przysłówek) ([d] - Jest &lt;x#>?,przysłówek) ([d] - Wręcz przeciwnie: jest &lt;y#>.,przysłówek) ([d] Jeżeli jest &lt;x#>, to nie jest &lt;y#>.,przysłówek) ([d] Jeżeli nie jest &lt;x#>, to jest &lt;y#>.,przysłówek)"
104;16338;"relacja leksykalna";"104";"antonimia właściwa";"(dziedziczone)";"(dziedziczone)";"&lt;x#> i &lt;y#> to antonimy właściwe";"ant_wł";"true";"p_anw";"(TAK: &lt;x#> i &lt;y#> to kohiponimy lub komeronimy lub hiponimy antonimów albo konwersów,rzeczownik) (TAK: To jest &lt;x#>? - Nie, wręcz przeciwnie: to jest &lt;y#>!,rzeczownik) (TAK: Jeżeli ktoś|coś jest &lt;x#subst:sg:inst:%>, to nie może być &lt;y#subst:sg:inst:%>,rzeczownik) (TAK: Jeżeli ktoś|coś jest &lt;y#subst:sg:inst:%>, to nie może być &lt;x#subst:sg:inst:%>,rzeczownik) (NIE: Jeżeli ktoś|coś jest dla kogoś|czegoś &lt;x#subst:sg:inst:%>, to ktoś|coś jest dla kogoś|czegoś &lt;y#subst:sg:inst:%>,rzeczownik) (&lt;x#fin:sg:ter:%>? - Nie, wręcz przeciwnie - &lt;y#:fin:sg:ter:%>!,czasownik) (&lt;x#> i &lt;y#> mają ten sam aspekt,czasownik) (Nie jest możliwe, że &lt;x#fin:sg:ter:%> i &lt;y#fin:sg:ter:%> jednocześnie,czasownik) (Nieprawda, że jeśli nie &lt;x#fin:sg:ter:%>, to &lt;y#fin:sg:ter:%>,czasownik) (Jeżeli &lt;x#fin:sg:ter:%>, to nie &lt;y#fin:sg:ter:%>,czasownik) (&lt;x#> i &lt;y#> to albo kohiponimy/komeronimy, albo hiponimy/meronimy jednostek antonimicznych lub konwersów,czasownik) (Nieprawda, że jeśli a &lt;x#fin:sg:ter:%> b, to b &lt;y#fin:sg:ter:%> a,czasownik) (&lt;x#> i &lt;y#> to przymiotniki,przymiotnik) (Ktoś|coś jest &lt;x#>(e)? - Wręcz przeciwnie! Jest &lt;y#>(e),przymiotnik) (Jeżeli ktoś|coś jest &lt;x#>(e), to nie jest &lt;y#>(e),przymiotnik) (Jeżeli ktoś|coś nie jest &lt;x#>(e), to niekoniecznie jest &lt;y#>(e),przymiotnik) (&lt;x#> i &lt;y#> nie są konwersami (= są przymiotnikami w stopniu równym),przymiotnik) (&lt;x#> i &lt;y#> to przysłówki, które nie są konwersami.,przysłówek) (Antonimia to relacja łącząca przysłówki, których można użyć w następującym dialogu:,przysłówek) ([a] - Ktoś / coś robi coś &lt;x#>?,przysłówek) ([a] - Wręcz przeciwnie: robi coś &lt;y#>.,przysłówek) ([a] Jeżeli ktoś / coś robi coś &lt;x#>, to nie robi tego &lt;y#>.,przysłówek) ([a] Jeżeli ktoś / coś nie robi czegoś &lt;x#>, to niekoniecznie robi to &lt;y#>.,przysłówek) ([b] - Coś dzieje się &lt;x#>?,przysłówek) ([b] - Wręcz przeciwnie: dzieje się &lt;y#>.,przysłówek) ([b] Jeżeli coś dzieje się &lt;x#>, to nie dzieje się &lt;y#>.,przysłówek) ([b] Jeżeli coś nie dzieje się &lt;x#>, to niekoniecznie dzieje się &lt;y#>.,przysłówek) ([c] - Ktoś / coś jest &lt;x#> jakiś (-aś, -eś)?,przysłówek) ([c] - Wręcz przeciwnie: jest &lt;y#> jakiś (-aś, -eś).,przysłówek) ([c] - Jeżeli ktoś / coś jest &lt;x#> jakiś (-aś, -eś), to nie jest &lt;y#> jakiś (-aś, -eś).,przysłówek) ([c] - Jeżeli ktoś / coś nie jest &lt;x#> jakiś (-aś, -eś), to niekoniecznie jest &lt;y#> jakiś (-aś, -eś).,przysłówek) ([d] - Jest &lt;x#>?,przysłówek) ([d] - Wręcz przeciwnie: jest &lt;y#>.,przysłówek) ([d] Jeżeli jest &lt;x#>, to nie jest &lt;y#>.,przysłówek) ([d] Jeżeli nie jest &lt;x#>, to niekoniecznie jest &lt;y#>.,przysłówek)"
106;5256;"relacja pomiędzy synsetami";"107";"typ";"Relacja pomiędzy nazwą własną a wyrazem pospolitym nie może być określona za pomocą hiponimii. Wprowadzamy dlatego specjalne relacje &quot;typ&quot; i &quot;egzemplarz&quot;. Relacja &quot;typ&quot; łączy  nazwę własną i wyraz pospolity, relacja &quot;egzemplarz&quot; prowadzi od wyrazu pospolitego, do przedstawiciela danej klasy, tj. do nazwy własnej.";"nieznana,rzeczownik";"typem dla &lt;x#> jest &lt;y#> ";"rel.typu";"true";"p_typ";"(&lt;x#> i &lt;y#> to rzeczowniki,rzeczownik) (&lt;x#> jest nazwą własną, &lt;y#> to rzeczownik pospolity,rzeczownik) (&lt;x#> jest &lt;y#fin:sg:inst:%>,rzeczownik)"
107;5256;"relacja pomiędzy synsetami";"106";"egzemplarz";"Relacja pomiędzy nazwą własną a wyrazem pospolitym nie może być określona za pomocą hiponimii. Wprowadzamy dlatego specjalne relacje &quot;typ&quot; i &quot;egzemplarz&quot;. Relacja &quot;typ&quot; łączy  nazwę własną i wyraz pospolity, relacja &quot;egzemplarz&quot; prowadzi od wyrazu pospolitego, do przedstawiciela danej klasy, tj. do nazwy własnej.";"nieznana,rzeczownik";"&lt;y#> jest egzemplarzem dla &lt;x#>";"rel.egz.";"true";"p_egz";"(&lt;x#> i &lt;y#> to rzeczowniki,rzeczownik) (&lt;x#> to rzeczownik pospolity, &lt;y#> jest nazwą własną,rzeczownik) (&lt;x#> jest &lt;y#fin:sg:inst:%>,rzeczownik)"
108;45522;"relacja pomiędzy synsetami";"108";"fuzzynimia_synsetów";"Fuzzynimia jest relacją, którą można by zdefiniować jako &quot;jest związane z...&quot; Może łączyć różne części mowy.";"nieznana,czasownik,rzeczownik,przysłówek,przymiotnik";"&lt;x#> jest w relacji fuzzynimii do &lt;y#>";"fzn";"true";"p_fuzs";"(&lt;x#> jest związany(-a, -e) z &lt;y#>,rzeczownik) (&lt;x#> jest związane z &lt;y#>,czasownik) (&lt;x#> jest związane z &lt;y#>,przymiotnik) (&lt;x#> jest związany(-a,-e) z &lt;y#>,przysłówek)"
110;4368;"relacja leksykalna";"111";"aspektowość wtórna DK-NDK";"(dziedziczone)";"(dziedziczone)";"&lt;x#> i &lt;y#> tworzą wtórną parę aspektową";"asp_wt_DK-NDK";"true";"p_aswd";"(&lt;x#> i &lt;y#> to czasowniki powiązane derywacyjnie. &lt;x#> i &lt;y#> tworzą parę aspektową,czasownik) (&lt;x#> jest DK, &lt;y#> - NDK,czasownik) (&lt;x#> ma derywat niedokonany inny niż &lt;y#> [TEST WTÓRNEJ IMPERFEKTYWIZACJI],czasownik) (LUB &lt;x#> i &lt;y#> różnią się semantycznie nie tylko aspektem,czasownik)"
111;4368;"relacja leksykalna";"110";"aspektowość wtórna NDK-DK";"(dziedziczone)";"(dziedziczone)";"&lt;x#> i &lt;y#> tworzą wtórną parę aspektową";"asp_wt_NDK-DK";"true";"p_aswn";"(&lt;x#> i &lt;y#> to czasowniki powiązane derywacyjne,czasownik) (&lt;x#> jest NDK, &lt;y#> - DK,czasownik) (&lt;y#> ma derywat niedokonany inny niż &lt;x#> [TEST WTÓRNEJ IMPERFEKTYWIZACJI],czasownik) (LUB &lt;x#> i &lt;y#> różnią się semantycznie nie tylko aspektem,czasownik)"
113;2719;"relacja leksykalna";"116";"meronimia podsytuacji";"(dziedziczone)";"(dziedziczone)";"&lt;x#> jest podsytuacją dla &lt;y#>";"mero_podsyt";"false";"p_mpod";"(Sytuacja oznaczana przez '&lt;x#>' wchodzi w skład typowej sytuacji oznaczanej przez '&lt;y#>',czasownik) ('&lt;x#>' i '&lt;y#>' nie są dwiema nazwami tej samej sytuacji, lecz oznaczają różne sytuacje,czasownik) (Z tego, że &lt;x#praet:sg:m1:%>(o), wnioskujemy, że musiał(o) &lt;y#>,czasownik) (Nie można powiedzieć, że &lt;x#> to zacząć/zaczynać &lt;y#>,czasownik)"
114;119;"relacja leksykalna";"117";"meronimia sytuacji towarzyszącej";"(dziedziczone)";"(dziedziczone)";"sytuacja &lt;x#> towarzyszy sytuacji &lt;y#>";"mero_syt_tow";"false";"p_mst";"(Sytuacja oznaczana przez '&lt;x#>' nie jest częścią sytuacji oznaczanej przez '&lt;y#>',czasownik) (Sytuacja oznaczana przez '&lt;x#>' towarzyszy sytuacji oznaczanej przez '&lt;y#>',czasownik) ('&lt;x#>' i '&lt;y#>' nie są dwiema nazwami tej samej sytuacji, lecz oznaczają różne sytuacje,czasownik) (Z tego, że &lt;x#praet:sg:m1:%>(o), wnioskujemy, że &lt;y#praet:sg:m1:%>(o),czasownik)"
116;2777;"relacja leksykalna";"113";"holonimia podsytuacji";"(dziedziczone)";"(dziedziczone)";"&lt;x#> jest holonimem podsytuacji dla &lt;y#>";"hol_podsyt";"false";"p_hpo";"(Nie można powiedzieć, że &lt;y#> to zacząć/zaczynać &lt;x#>,czasownik) (Sytuacja oznaczana przez '&lt;y#>' jest integralną częścią sytuacji oznaczanej przez '&lt;x#>',czasownik) ('&lt;x#>' i '&lt;y#>' nie są dwiema nazwami tej samej sytuacji, lecz oznaczają różne sytuacje,czasownik) (Z tego, że &lt;x#praet:sg:m1:%>(o), wnioskujemy, że &lt;y#praet:sg:m1:%>(o),czasownik)"
117;125;"relacja leksykalna";"114";"holonimia sytuacji towarzyszącej";"(dziedziczone)";"(dziedziczone)";"&lt;x#> jest holonimem sytuacji towarzyszącej dla &lt;y#>";"hol_syt_tow";"false";"p_hst";"(Z tego, że &lt;x#praet:sg:m1:%>(o), wnioskujemy, że &lt;y#praet:sg:m1:%>(o),czasownik) (Sytuacja oznaczana przez '&lt;y#>' nie jest częścią sytuacji oznaczanej przez '&lt;x#>',czasownik) (Sytuacja oznaczana przez '&lt;y#>' towarzyszy sytuacji oznaczanej przez '&lt;x#>',czasownik) ('&lt;x#>' i '&lt;y#>' nie są dwiema nazwami tej samej sytuacji, lecz oznaczają różne sytuacje,czasownik)"
118;320;"relacja leksykalna";"-1";"procesywność V_DK-Adj";"(dziedziczone)";"(dziedziczone)";"&lt;x#> wchodzi w relację procesywności DK-Adj z &lt;y#>";"pr_V_DK-Adj";"false";"p_prvda";"(&lt;y#> to przymiotnik,czasownik) (&lt;x#> to czasownik,czasownik) (&lt;x#> to stać się &lt;y#adj:sg:inst:m1:%|y#pact:sg:inst:m1:%>,czasownik)"
119;55;"relacja leksykalna";"-1";"procesywność V_DK-N";"(dziedziczone)";"(dziedziczone)";"&lt;x#> wchodzi w relację procesywności DK-N z &lt;y#>";"pr_V_DK-N";"false";"p_prvdn";"(&lt;y#> to rzeczownik,czasownik) (&lt;x#> to czasownik,czasownik) (&lt;x#> to stać się &lt;y#subst:sg:inst:%>,czasownik)"
120;537;"relacja leksykalna";"-1";"kauzacja NDK-NDK";"(dziedziczone)";"(dziedziczone)";"&lt;x#> wchodzi w relację kauzacji NDK-NDK z &lt;y#>";"kauz_ndk-ndk";"false";"p_causnn";"(&lt;x#> i &lt;y#> są niedokonane,czasownik) (&lt;y#> nie jest czasownikiem stanowym,czasownik) (Jeżeli &lt;x#praet:sg:m1>(o), to powodował(o), że ktoś|coś &lt;y#praet:sg:m1>(o),czasownik)"
121;461;"relacja leksykalna";"-1";"kauzacja DK-DK";"(dziedziczone)";"(dziedziczone)";"&lt;x#> wchodzi w relację kauzacji DK-DK z &lt;y#>";"kauz_dk-dk";"false";"p_causdd";"(&lt;x#> i &lt;y#> są dokonane,czasownik) (Jeżeli &lt;x#praet:sg:m1>(o), to spowodował(o), że ktoś|coś &lt;y#praet:sg:m1>(o),czasownik)"
122;76;"relacja leksykalna";"-1";"kauzacja stanu DK-NDK";"(dziedziczone)";"(dziedziczone)";"&lt;x#> wchodzi w relację kauzacji stanu DK z &lt;y#>";"kauz_st_dk-ndk";"false";"p_castdn";"(&lt;x#> jest dokonane, &lt;y#> jest niedokonane,czasownik) (&lt;y#> jest czasownikiem stanowym,czasownik) (Jeżeli &lt;x#praet:sg:m1>(o), to spowodował(o), że ktoś|coś &lt;y#praet:sg:m1>(o),czasownik)"
124;310;"relacja leksykalna";"-1";"kauzacja procesu DK-Adj";"(dziedziczone)";"(dziedziczone)";"&lt;x#> wchodzi w relację kauzacji procesu DK-Adj z &lt;y#>";"kauz_pr_dk-Adj";"false";"p_caprda";"(Czasownik '&lt;x#>' jest dokonany, '&lt;y#>' jest przymiotnikiem,czasownik) (Jeżeli &lt;x#praet:sg:m1:%>(o), to spowodował, że ktoś|coś stał(o) się &lt;y#praet:sg:m1:%>(o),czasownik)"
125;35;"relacja leksykalna";"-1";"kauzacja procesu DK-N";"(dziedziczone)";"(dziedziczone)";"&lt;x#> wchodzi w relację kauzacji procesu DK-N z &lt;y#>";"kauz_pr_dk-N";"false";"p_caprdn";"(Czasownik '&lt;x#>' jest dokonany, '&lt;y#>' jest rzeczownikiem,czasownik) (Jeżeli &lt;x#praet:sg:m1:%>(o), to spowodował(o), że ktoś|coś stał(o) się &lt;y#adj:sg:inst:%|y#:pact:sg:inst:%>,czasownik)"
126;308;"relacja leksykalna";"-1";"kauzacja procesu NDK-Adj";"(dziedziczone)";"(dziedziczone)";"&lt;x#> wchodzi w relację kauzacji procesu NDK-Adj z &lt;y#>";"kauz_pr_ndk-Adj";"false";"p_caprna";"(Czasownik '&lt;x#>' jest niedokonany, '&lt;y#>' jest przymiotnikiem,czasownik) (Jeżeli &lt;x#praet:sg:m1:%>(o), to powodował(o), że ktoś|coś stawał(o) się &lt;y#adj:sg:inst:%|y#pact:sg:inst:%>,czasownik)"
127;47;"relacja leksykalna";"-1";"kauzacja procesu NDK-N";"(dziedziczone)";"(dziedziczone)";"&lt;x#> wchodzi w relację kauzacji procesu NDK-N z &lt;y#>";"kauz_pr_ndk-N";"false";"p_caprnn";"(Czasownik '&lt;x#>' jest niedokonany, '&lt;y#>' jest rzeczownikiem,czasownik) (Jeżeli &lt;x#praet:sg:m1:%>(o), to powodował(o), że ktoś|coś stawał(o) się &lt;y#adj:sg:inst:%|y#:pact:sg:inst:%>,czasownik)"
129;315;"relacja leksykalna";"-1";"inchoatywność DK-NDK";"(dziedziczone)";"(dziedziczone)";"&lt;x#> wchodzi w relację inchoatywności DK-NDK z &lt;y#>";"inch_dk";"false";"p_inchd";"(&lt;x#> i &lt;y#> to czasowniki,czasownik) (&lt;x#> jest DK, &lt;y#> jest NDK,czasownik) (&lt;x#> to zacząć &lt;y#>,czasownik)"
130;105;"relacja leksykalna";"-1";"inchoatywność NDK-NDK";"(dziedziczone)";"(dziedziczone)";"&lt;x#> wchodzi w relację inchoatywności NDK-NDK z &lt;y#>";"inch_ndk";"false";"p_inchn";"(&lt;x#> i &lt;y#> to czasowniki niedokonane,czasownik) (&lt;x#> to zaczynać &lt;y#>,czasownik)"
131;18;"relacja leksykalna";"-1";"zwrotność";"";"czasownik";"&lt;x#> jest w relacji zwrotności do &lt;y#>";"zwr";"false";"p_zwr";"(&lt;x#> i &lt;y#> to czasowniki,czasownik) (&lt;x#> = &lt;y#> + SIĘ,czasownik) (Jeżeli &lt;x#praet:sg:m1:%>(o), to sam(o) &lt;y#praet:sg:m1:%>(o) siebie,czasownik)"
134;54;"relacja leksykalna";"-1";"iteratywność NDK-NDK";"(dziedziczone)";"(dziedziczone)";"&lt;x#> wchodzi w relację iteratywności NDK-NDK z &lt;y#>";"iter_NDK";"false";"p_itern";"(&lt;x#> i &lt;y#> to czasowniki niedokonane,czasownik) (Jeden z elementów synsetu zawierającego '&lt;x#>' jest derywatem jednego z elementów synsetu zawierającego '&lt;y#>',czasownik) (&lt;x#> to wiele razy &lt;y#>,czasownik) (&lt;x#> nie ma znaczenia kursywnego,czasownik)"
136;301;"relacja leksykalna";"-1";"dystrybutywność";"(dziedziczone)";"(dziedziczone)";"&lt;x#> wchodzi w relację dystrybutywności z &lt;y#>";"dystr";"false";"p_dystr";"(&lt;x#> i &lt;y#> to czasowniki dokonane,czasownik) (&lt;x#> to &lt;y#> wiele rzeczy/osób lub o wielu osobach lub rzeczach &lt;y#>,czasownik) (W znaczeniu czasownika &lt;x#> zawiera się obligatoryjna informacja o wielu obiektach lub wielu agensach,czasownik)"
137;169;"relacja pomiędzy synsetami";"-1";"presupozycja";"";"czasownik";"&lt;x#> wchodzi w relację presupozycji z &lt;y#>";"presup";"false";"p_presup";"(&lt;x#> i &lt;y#> to czasowniki,czasownik) (Czasowników &lt;x#> i &lt;y#> nie łączy ani relacja hipo-/hiperonimii, ani relacja mero-/holonimii, ani relacje podobieństwa semantycznego,czasownik) (Jeżeli stwierdzamy, że &lt;x#praet:sg:m1:%>(o), oznacza to, że musiał(o) wcześniej &lt;y#>,czasownik) (Jeżeli stwierdzamy, że nie &lt;x#praet:sg:m1:%>(o), to też oznacza, że musiał(o) wcześniej &lt;y#>,czasownik) (Prawdziwość stwierdzenia, że wcześniej &lt;y#praet:sg:m1:%>(o), jest warunkiem koniecznym, aby sensownie stwierdzić, że &lt;x#praet:sg:m1:%>(o) czy też nie &lt;x#praet:sg:m1:%>(o) ,czasownik)"
138;170;"relacja pomiędzy synsetami";"-1";"uprzedniość";"";"czasownik";"&lt;x#> wchodzi w relację uprzedniości z &lt;y#>";"uprzedn";"false";"p_uprz";"(&lt;x#> i &lt;y#> to czasowniki,czasownik) (Czasowników &lt;x#> i &lt;y#> nie łączy ani relacja hipo-/hiperonimii, ani relacja mero-/holonimii, ani relacje podobieństwa semantycznego,czasownik) (Czasowniki &lt;x#> i &lt;y#> nie są powiązane derywacyjnie,czasownik) (Sytuacja oznaczana przez &lt;x#> nie presuponuje sytuacji oznaczanej przez &lt;y#>,czasownik) (Jeżeli ktoś/coś &lt;x#praet:sg:m1:%>(o), to wcześniej mógł &lt;y#>; istnieje przynajmniej jeszcze jeden czasownik Z taki. że może zastąpić czasownik &lt;y#> w tym teście,czasownik)"
140;187;"relacja leksykalna";"-1";"iteratywność NDK-DK";"(dziedziczone)";"(dziedziczone)";"&lt;x#> wchodzi w relację iteratywności NDK-DK z &lt;y#>";"iter_DK";"false";"p_iterd";"(Jeden z elementów synsetu zawierającego '&lt;x#>' jest derywatem jednego z elementów synsetu zawierającego '&lt;y#>',czasownik) (&lt;x#> jest NDK, a &lt;y#> jest DK,czasownik) (&lt;x#> to wiele razy &lt;y#>,czasownik) (&lt;x#> nie ma znaczenia kursywnego,czasownik)"
141;30926;"relacja leksykalna";"62";"synonimia międzyparadygmatyczna V-N";"(dziedziczone)";"(dziedziczone)";"&lt;x#> i &lt;y#> to synonimy międzyparadygmatyczne";"syn:mpar_VN";"true";"p_svn";"(&lt;x#> to czasownik, a &lt;y#> to rzeczownik,czasownik) (&lt;x#> i &lt;y#> są ze sobą powiązane morfologicznie,czasownik) (TAK: jeśli jest mowa o przypadku &lt;y#subst:sg:gen:%>, to ktoś/coś &lt;x#fin:sg:ter:%> (się),czasownik) (TAK: jeśli ktoś/coś &lt;x#fin:sg:ter:%> (się), to mowa jest o przypadku &lt;y#subst:sg:gen:%>,czasownik)"
142;4056;"relacja leksykalna";"63";"synonimia międzyparadygmatyczna ADJ-N";"(dziedziczone)";"(dziedziczone)";"&lt;x#> i &lt;y#> to synonimy międzyparadygmatyczne";"syn:mpar_AdjN";"true";"p_aan";"(&lt;y#> to rzeczownik, a &lt;x#> to przymiotnik,przymiotnik) (&lt;x#> i &lt;y#> są powiązane ze sobą morfologicznie, &lt;y#> jest derywatem &lt;x#>,przymiotnik) (TAK: jeśli mowa jest o stanie|cesze &lt;y#>, to ktoś/coś jest &lt;x#>,przymiotnik) (TAK: jeśli ktoś/coś jest &lt;x#>, to mowa jest o stanie|cesze &lt;y#>,przymiotnik)"
145;13355;"relacja pomiędzy synsetami";"-1";"wartość_cechy";"Relacją wartość cechy łączymy przymiotniki lub przysłówki oznaczające jakiś stopień natężenia cechy wyrażonej rzeczownikiem.";"rzeczownik,przysłówek,przymiotnik";"&lt;x#> jest wartością cechy &lt;y#>";"war";"false";"p_war";"(&lt;x#> to przymiotnik, &lt;y#> - to rzeczownik,przymiotnik) ([PRZYMIOTNIKI JAKOŚCIOWE],przymiotnik) (Jeżeli ktoś|coś jest &lt;x#>(e,a), to ma określony(e,ą) &lt;y#subst:sg:acc:%>, jest kimś|czymś o określonym &lt;y#subst:sg:inst:%>.,przymiotnik) (Jeżeli ktoś|coś ma określony(e,ą) &lt;y#subst:sg:acc:%> / jest o określonym(ej) &lt;y#subst:sg:inst:%>, to niekoniecznie jest &lt;x#>(e,a).,przymiotnik) (&lt;x#> to przysłówek, &lt;y#> to rzeczownik,przysłówek) ([a] Jeżeli ktoś / coś robi coś &lt;x#>, to robi to o/w/z określonym &lt;y#>.,przysłówek) ([b] Jeżeli coś dzieje się &lt;x#>, to dzieje się to o/w/z określonym &lt;y#>.,przysłówek) ([c] Jeżeli ktoś/coś jest &lt;x#> jakiś (-aś, -eś), to jest jakiś (-aś, -eś) w/z/o określonym (-ej, -ą) &lt;y#subst:sg:loc:%>.,przysłówek) ([d] Jeżeli jest &lt;x#>, to jest określony (-e, -a) &lt;y#>.,przysłówek)"
146;2006;"relacja pomiędzy synsetami";"-1";"określnik";"Relacją tą łączymy przymiotnik z rzeczownikiem, jeśli może on określać byty oznaczane przez ten rzeczownik i większość jego hiponimów. Np. przymiotnikiem &quot;kary&quot; możemy określać różnego rodzaju konie, stąd relacja &quot;kary&quot; --> &quot;koń&quot;.";"rzeczownik,przymiotnik";"&lt;x#> określa wyraz &lt;y#>";"okr";"false";"p_=";"(&lt;x#> to przymiotnik, &lt;y#> i P to rzeczowniki,przymiotnik) (&lt;x#> wchodzi w relację wartości cechy z P,przymiotnik) (P zazwyczaj charakteryzuje &lt;y#>,przymiotnik) ([PRZYMIOTNIKI JAKOŚCIOWE],przymiotnik) (Mówi się o &lt;y#subst:sg:loc:%>, że jest &lt;x#>(e,a) w odniesieniu do jego|jej P,przymiotnik) (Jeżeli &lt;y#> jest &lt;x#>(e,a), to ma określone P | jest &lt;y#subst:sg:inst:%> o określonym P,przymiotnik) (Jeżeli &lt;y#> ma określone P | jest &lt;y#subst:sg:inst:%> o określonym P, to niekoniecznie jest &lt;x#>(e,a),przymiotnik) ([PRZYMIOTNIKI RELACYJNE],przymiotnik) (Mówi się o &lt;y#subst:sg:loc:%>, że jest &lt;y#subst:sg:inst:%> &lt;x#adj:sg:inst:%> w odniesieniu do jego|jej P,przymiotnik) (Jeżeli &lt;y#> jest &lt;y#subst:sg:inst:%> &lt;x#adj:sg:inst:%>, to ma określone P,przymiotnik) (Jeżeli &lt;y#> ma określone P, to niekoniecznie jest &lt;y#subst:sg:inst:%> &lt;x#adj:sg:inst:%>,przymiotnik)"
147;1926;"relacja pomiędzy synsetami";"-1";"gradacyjność";"Gradacyjnością łączymy różne stopnie intensywności tej samej cechy. Relacją tą łączymy tylko najbliższe stopnie natężenia cechy.";"przysłówek,przymiotnik";"&lt;x#> wyraża większe natężenie cechy P niż &lt;y#>";"grad";"false";"p_>";"(&lt;x#> i &lt;y#> są przymiotnikami, P to rzeczownik,przymiotnik) (&lt;x#> i &lt;y#> są wartościami tej samej cechy P lub hiponimami tego samego (niekoniecznie bezpośredniego) hiperonimu.,przymiotnik) (Przymiotniki &lt;x#> i &lt;y#> nie wyrażają podobnego natężenia cechy P,przymiotnik) (Przymiotnik &lt;x#> wyraża mniejsze natężenie cechy P niż przymiotnik &lt;y#>,przymiotnik) (Żaden inny przymiotnik nie może zastąpić ani przymiotnika &lt;x#>, ani przymiotnika &lt;y#> w poprzednim zdaniu. Wyjątkiem są synonimy obu przymiotników.,przymiotnik) (&lt;x#> i &lt;y#> to przysłówki,przysłówek) (Przysłówki &lt;x#> i &lt;y#> są albo kowartościami tej samej cechy C, albo kohiponimami tego samego hiperonimu (niekoniecznie bezpośredniego).,przysłówek) (Przysłówki &lt;x#> i &lt;y#> wyrażają różne stopnie natężenia cechy C w stosownej skali.,przysłówek) (Przysłówek &lt;x#> (i każdy jego synonim) wyraża mniejsze natężenie cechy C niż przysłówek &lt;y#> (i każdy jego synonim).,przysłówek) (W ciągu gradacyjnym przysłówki łączymy po kolei.,przysłówek) (Oznacza to, że w ciągu kolejnych stopni natężenia danej cechy pomiędzy &lt;x#> i &lt;y#> nie ma żadnego przysłówka wyrażającego stopień pośredni.,przysłówek)"
148;2046;"relacja leksykalna";"-1";"podobieństwo";"Relacją tą łączymy przymiotnik odrzeczownikowy z jego bazą słowotwórczą, jeśli przymiotnik jest jakościowy i przypomina byt wyrażony rzeczownikiem pod jakimś względem.";"rzeczownik,przymiotnik";"&lt;x#> przypomina &lt;y#>";"sim";"false";"p_sim";"(&lt;x#> jest przymiotnikiem jakościowym derywowanym od rzeczownika &lt;y#>, P to pewien rzeczownik,przymiotnik) (&lt;x#> wchodzi w relację wartości cechy z P,przymiotnik) (Jeżeli ktoś|coś jest &lt;x#>(e), to przypomina &lt;y#subst:sg:acc:%> P[inst],przymiotnik)"
149;5006;"relacja leksykalna";"-1";"charakteryzowanie";"Relacją tą łączymy te odrzeczownikowe przymiotniki jakościowe z ich podstawami słowotórczymi.";"rzeczownik,przymiotnik";"&lt;x#> jest charakteryzowane przez &lt;y#>";"cha";"false";"p_char";"(&lt;x#> jest przymiotnikiem jakościowym derywowanym od rzeczownika &lt;y#>,przymiotnik) (&lt;x#> nie wchodzi w relację podobieństwa z &lt;y#>,przymiotnik) (Jeżeli ktoś|coś jest &lt;x#>(e,a), to jest też pełen/pełne &lt;y#subst:pl:gen:%> / ma charakterystyczny(e,ą)  &lt;y#subst:sg:acc:%> / ma &lt;y#subst:sg:acc:%>,przymiotnik)"
151;391;"relacja leksykalna";"-1";"stopień wyższy";"(dziedziczone)";"(dziedziczone)";"&lt;x#> jest formą stopnia wyższego od &lt;y#>";"comp";"false";"p_comp";"(&lt;x#> wyraża w sposób syntetyczny stopień wyższy od &lt;y#>, &lt;x#> pochodzi od &lt;y#>,przymiotnik) (&lt;y#> jest przymiotnikiem w stopniu równym,przymiotnik) (&lt;x#> i &lt;y#> to przysłówki,przysłówek) (&lt;x#> pochodzi od &lt;y#>,przysłówek) (&lt;x#> wyraża w sposób syntetyczny stopień wyższy.,przysłówek) (&lt;y#> jest przysłówkiem w stopniu równym.,przysłówek)"
152;33;"relacja leksykalna";"-1";"stopień najwyższy";"(dziedziczone)";"(dziedziczone)";"&lt;x#> jest formą stopnia najwyższego, derywowaną od &lt;y#>";"sup";"false";"p_sup";"(&lt;x#> wyraża w sposób syntetyczny stopień najwyższy, &lt;x#> pochodzi od &lt;y#>,przymiotnik) (&lt;y#> jest przymiotnikiem w stopniu równym,przymiotnik) (&lt;x#> i &lt;y#> to przysłówki,przysłówek) (&lt;x#> pochodzi od &lt;y#>,przysłówek) (&lt;x#> wyraża w sposób syntetyczny stopień najwyższy.,przysłówek) (&lt;y#> jest przysłówkiem w stopniu równym.,przysłówek)"
154;889;"relacja leksykalna";"-1";"subiekt";"(dziedziczone)";"(dziedziczone)";"&lt;x#> jest w relacji agensa do &lt;y#>";"sub";"false";"p_rava";"(&lt;x#> to przymiotnik derywowany od czasownika &lt;y#>,przymiotnik) (&lt;x#> nie jest imiesłowem przymiotnikowym,przymiotnik) (&lt;x#> znaczy 'taki(a,e), który(a) &lt;y#fin:sg:ter:imperf>' [3 os. czasu teraźn.],przymiotnik) (lub 'taki(a,e), który(a,e) &lt;y#praet:sg:m1:perf>(o)' [3 os. czasu przeszłego],przymiotnik)"
155;245;"relacja leksykalna";"-1";"obiekt";"(dziedziczone)";"(dziedziczone)";"&lt;x#> jest w relacji pacjensa do &lt;y#>";"ob";"false";"p_ravo";"(&lt;x#> to przymiotnik derywowany od czasownika &lt;y#>,przymiotnik) (&lt;x#> nie jest imiesłowem przymiotnikowym,przymiotnik) (&lt;x#> znaczy 'taki(a,e), który(ą,e) ktoś|coś|się &lt;y#fin:sg:ter:imperf>,przymiotnik) (lub 'taki(a,e), który(ą,e) ktoś|coś|się &lt;y#praet:sg:m1:perf>(o),przymiotnik)"
156;139;"relacja leksykalna";"-1";"instrument";"(dziedziczone)";"(dziedziczone)";"&lt;x#> jest w relacji instrumentu do &lt;y#>";"instr";"false";"p_savi";"(&lt;x#> to przymiotnik derywowany od czasownika &lt;y#>,przymiotnik) (&lt;x#> nie jest imiesłowem przymiotnikowym,przymiotnik) (&lt;x#> znaczy 'taki(a,e), za pomocą którego(ej) ktoś|coś|się &lt;y#fin:sg:ter:imperf>',przymiotnik)"
157;25;"relacja leksykalna";"-1";"miejsce";"(dziedziczone)";"(dziedziczone)";"&lt;x#> jest w relacji miejsca do &lt;y#>";"loc";"false";"p_ravm";"(&lt;x#> to przymiotnik derywowany od czasownika &lt;y#>,przymiotnik) (&lt;x#> nie jest imiesłowem przymiotnikowym,przymiotnik) (&lt;x#> znaczy 'taki(a,e), gdzie ktoś|coś|się &lt;y#fin:sg:ter:imperf>,przymiotnik)"
158;10;"relacja leksykalna";"-1";"czas";"(dziedziczone)";"(dziedziczone)";"&lt;x#> jest w relacji czasu do &lt;y#>";"time";"false";"p_ravczas";"(&lt;x#> to przymiotnik derywowany od czasownika &lt;y#>,przymiotnik) (&lt;x#> nie jest imiesłowem przymiotnikowym,przymiotnik) (&lt;x#> znaczy 'taki(a,e), w czasie którego(ej) ktoś|coś|się|NULL &lt;y#fin:sg:ter:imperf>',przymiotnik)"
160;284;"relacja leksykalna";"-1";"rezultat";"(dziedziczone)";"(dziedziczone)";"&lt;x#> jest w relacji rezultatu do &lt;y#>";"result";"false";"p_ravres";"(&lt;x#> to przymiotnik derywowany od czasownika &lt;y#>,przymiotnik) (&lt;x#> nie jest imiesłowem przymiotnikowym,przymiotnik) (&lt;x#> znaczy 'taki(a,e), który(a,e) jest efektem tego, że ktoś|coś|się &lt;y#fin:sg:ter:imperf>,przymiotnik) (lub 'taki(a,e), który(a,e) jest efektem tego, że ktoś|coś|się &lt;y#preat:sg:m1:perf>(o),przymiotnik)"
161;41;"relacja leksykalna";"-1";"kauzacja";"(dziedziczone)";"(dziedziczone)";"&lt;x#> jest w relacji przyczyny do &lt;y#>";"caus";"false";"p_ravcau";"(&lt;x#> to przymiotnik derywowany od czasownika &lt;y#>,przymiotnik) (&lt;x#> nie jest imiesłowem przymiotnikowym,przymiotnik) (&lt;x#> znaczy 'taki(a,e), który(a,e) powoduje, że ktoś|coś &lt;y#fin:sg:ter:imperf>,przymiotnik)"
163;315;"relacja leksykalna";"-1";"potencjalność";"(dziedziczone)";"(dziedziczone)";"&lt;x#> wchodzi w relację potencjalności z &lt;y#>";"pot";"false";"p_predpo";"(&lt;x#> jest przymiotnikiem derywowanym od czasownika &lt;y#>,przymiotnik) (&lt;x#> nie jest imiesłowem odczasownikowym,przymiotnik) (&lt;x#> oznacza 'taki(a,e), który(a,e) można &lt;y#>',przymiotnik)"
164;111;"relacja leksykalna";"-1";"habitualność";"(dziedziczone)";"(dziedziczone)";"&lt;x#> wchodzi w relację habitualności z &lt;y#>";"hab";"false";"p_predhab";"(&lt;x#> jest przymiotnikiem derywowanym od czasownika &lt;y#>,przymiotnik) (&lt;x#> nie jest imiesłowem odczasownikowym,przymiotnik) (&lt;x#> znaczy 'taki(a,e), który(a,e) często|stale|łatwo &lt;y#fin:sg:ter:imperf>',przymiotnik)"
165;15;"relacja leksykalna";"-1";"kwantytatywność";"(dziedziczone)";"(dziedziczone)";"&lt;x#> wchodzi w relację kwantytatywności z &lt;y#>";"kwant";"false";"p_predkwa";"(&lt;x#> jest przymiotnikiem derywowanym od czasownika &lt;y#>,przymiotnik) (&lt;x#> nie jest imiesłowem odczasownikowym,przymiotnik) (&lt;x#> znaczy 'taki(a,e), który(a,e) dużo &lt;y#fin:sg:ter:imperf>',przymiotnik)"
166;15;"relacja leksykalna";"-1";"ocena";"(dziedziczone)";"(dziedziczone)";"&lt;x#> wchodzi w relację oceny z &lt;y#>";"ocen";"false";"p_predoce";"(&lt;x#> jest przymiotnikiem derywowanym od czasownika &lt;y#>,przymiotnik) (&lt;x#> nie jest imiesłowem odczasownikowym,przymiotnik) (&lt;x#> znaczy 'taki(a,e), który(a,e) dobrze &lt;y#fin:sg:ter:imperf>',przymiotnik)"
168;818;"relacja leksykalna";"-1";"nacechowanie-intensywność Adj-Adj";"";"przymiotnik";"&lt;x#> jest to intensivum od &lt;y#>";"intens";"false";"p_diminaa";"(&lt;x#> i &lt;y#> to przymiotniki,przymiotnik) (&lt;x#> jest derywatem nacechowanym przymiotnika &lt;y#>,przymiotnik) (To, że ktoś|coś jest &lt;x#>(a,e), oznacza, że jest bardzo &lt;y#>(a,e), i mówiący jest do tego kogoś|czegoś pozytywnie nastawiony.,przymiotnik)"
169;15346;"relacja leksykalna";"-1";"synonimia międzyparadygmatyczna dla relacyjnych";"(dziedziczone)";"(dziedziczone)";"&lt;x#> jest synonimem mpar. do &lt;y#>";"syn.mpar.rel.";"false";"p_smprel";"(&lt;x#> to przymiotnik relacyjny, &lt;y#> to rzeczownik,przymiotnik) (&lt;x#> jest derywatem transpozycyjnym utworzonym od rzeczownika &lt;y#>,przymiotnik) (&lt;x#> może mieć różne szczegółowe znaczenia kontekstowe (realizujące się w użyciach), które można ogólnie sprowadzić do eksplikacji 'związany z &lt;y#subst:sg:inst:%>',przymiotnik) (W kontekście można zastąpić przymiotnik &lt;x#> jego bazą derywacyjną &lt;y#> użytą w odpowiednim przypadku lub z odpowiednim przyimkiem,przymiotnik)"
230;68;"relacja pomiędzy synsetami";"-1";"sumo_instance";"";"nieznana,czasownik,rzeczownik,przysłówek,przymiotnik";"&lt;x#> jest rodzajem &lt;y#> w ontologii SUMO";"sumo";"false";"";""
242;1227;"relacja leksykalna";"-1";"rola: materiał";"Relacja roli: materiału jest wyjątkową relacją roli, łączącą przymiotniki materiałowe z ich podstawami rzeczownikowymi nazwami substancji i materiałów.";"rzeczownik,przymiotnik";"&lt;x#> jest zrobione z &lt;y#>";"mat";"false";"";"(&lt;x#> to przymiotnik/ &lt;y#> to rzeczownik,przymiotnik) (&lt;x#> oznacza taki, który zrobiono z &lt;y#>,przymiotnik)"
244;9143;"relacja leksykalna";"-1";"synonimia międzyparadygmatyczna ADV-ADJ";"(dziedziczone)";"(dziedziczone)";"&lt;x#> i &lt;y#> są synonimami międzyparadygmatycznymi";"syn:mpar_AdvAdj";"false";"";"(&lt;x#> to przysłówek, a &lt;y#> to przymiotnik,przysłówek) (&lt;x#> jest derywatem przymiotnika &lt;y#>,przysłówek) ([a] Jeżeli ktoś / coś robi coś &lt;x#>, to jest to &lt;y#>-e robienie czegoś przez kogoś / coś.,przysłówek) ([a] Jeżeli to jest &lt;y#>-e robienie czegoś przez kogoś / coś, to ktoś / coś robi coś &lt;x#>.,przysłówek) ([b] Jeżeli coś dzieje się &lt;x#>, to jest to &lt;y#>-e dzianie się czegoś.,przysłówek) ([b] Jeżeli to jest &lt;y#>-e dzianie się czegoś, to coś dzieje się &lt;x#>.,przysłówek) ([c] Jeżeli ktoś / coś jest &lt;x#> jakiś (-aś, -eś), to cecha (rzadziej: inny rzeczownik) jest &lt;y#> (-a, -e).,przysłówek) ([c] Jeżeli cecha (rzadziej: inny rzeczownik) jest &lt;y#> (-a, -e), to ktoś / coś jest &lt;x#> jakiś (-aś, -eś).,przysłówek) ([d] Jeżeli jest &lt;x#>, to coś jest &lt;y#> (-e, -a).,przysłówek) (Jeżeli coś jest &lt;y#> (-e, -a), to jest &lt;x#>.,przysłówek)"
